adc10,adc11,adc12,adc13,adc21,adc22,adc23,region
4048.0,2550.0,1283.0,830.0,3113.0,5860.0,11161.0,DIM
4099.0,2551.0,1235.0,814.0,3112.0,5949.0,11196.0,DIM
4190.0,2556.0,1300.0,907.0,3126.0,6031.0,11185.0,DIM
4193.0,2555.0,1217.0,863.0,3071.0,6061.0,11175.0,DIM
4202.0,2562.0,1286.0,912.0,3247.0,6075.0,10897.0,DIM
4239.0,2564.0,1203.0,863.0,3236.0,6094.0,10927.0,DIM
4320.0,2570.0,1294.0,896.0,2998.0,6155.0,10916.0,DIM
4313.0,2568.0,1221.0,861.0,3053.0,6175.0,10951.0,DIM
4083.0,2566.0,1400.0,941.0,3256.0,5811.0,9438.0,DIM
4120.0,2563.0,1356.0,865.0,3273.0,5872.0,9437.0,DIM
4226.0,2568.0,1295.0,921.0,3110.0,5956.0,9417.0,DIM
4245.0,2561.0,1250.0,855.0,3126.0,6013.0,9443.0,DIM
4170.0,2563.0,1362.0,897.0,3478.0,6026.0,11135.0,DIM
4189.0,2558.0,1287.0,852.0,3254.0,6062.0,11093.0,DIM
4272.0,2567.0,1274.0,892.0,3108.0,6120.0,10969.0,DIM
4262.0,2561.0,1221.0,862.0,3129.0,6132.0,10987.0,DIM
4096.0,2569.0,1331.0,874.0,3240.0,5902.0,10133.0,DIM
4133.0,2570.0,1290.0,860.0,3234.0,5958.0,10139.0,DIM
4227.0,2573.0,1289.0,949.0,3179.0,6043.0,10630.0,DIM
4216.0,2568.0,1213.0,879.0,3213.0,6053.0,10713.0,DIM
4105.0,2558.0,1381.0,897.0,3318.0,5809.0,9172.0,DIM
4177.0,2563.0,1402.0,862.0,3370.0,5915.0,9219.0,DIM
4271.0,2565.0,1489.0,892.0,3214.0,5999.0,9177.0,DIM
4271.0,2562.0,1421.0,858.0,3197.0,6023.0,9172.0,DIM
4227.0,2566.0,1526.0,905.0,3218.0,5974.0,9149.0,DIM
4273.0,2565.0,1486.0,872.0,3233.0,6050.0,9182.0,DIM
4337.0,2568.0,1430.0,907.0,3235.0,6092.0,9419.0,DIM
4332.0,2564.0,1383.0,859.0,3274.0,6110.0,9548.0,DIM
4280.0,2575.0,1544.0,890.0,3834.0,6066.0,9114.0,DIM
4315.0,2571.0,1450.0,862.0,3372.0,6107.0,9129.0,DIM
4381.0,2572.0,1449.0,875.0,3467.0,6149.0,9507.0,DIM
4378.0,2571.0,1353.0,864.0,3494.0,6174.0,9542.0,DIM
4299.0,2574.0,1493.0,916.0,3263.0,6074.0,9143.0,DIM
4341.0,2575.0,1409.0,861.0,3264.0,6129.0,9036.0,DIM
4413.0,2583.0,1452.0,920.0,3407.0,6192.0,8995.0,DIM
4399.0,2580.0,1358.0,856.0,3393.0,6204.0,9001.0,DIM
4251.0,2572.0,1434.0,879.0,3210.0,6005.0,9030.0,DIM
4284.0,2571.0,1417.0,858.0,3246.0,6054.0,9001.0,DIM
4367.0,2579.0,1501.0,904.0,3122.0,6123.0,8877.0,DIM
4359.0,2574.0,1393.0,854.0,3164.0,6134.0,8901.0,DIM
8112.0,2816.0,2587.0,1491.0,7116.0,15404.0,12331.0,DIM
8149.0,2810.0,2453.0,1470.0,6877.0,15402.0,12345.0,DIM
8100.0,2785.0,2420.0,1520.0,6729.0,15239.0,12200.0,DIM
8090.0,2781.0,2349.0,1482.0,6806.0,15240.0,12259.0,DIM
7838.0,2747.0,2277.0,1377.0,6687.0,14669.0,12136.0,DIM
7917.0,2743.0,2192.0,1392.0,6396.0,14709.0,12099.0,DIM
7851.0,2721.0,2261.0,1433.0,6522.0,14543.0,12004.0,DIM
7810.0,2711.0,2123.0,1386.0,6491.0,14530.0,11996.0,DIM
4424.0,2564.0,1416.0,975.0,3918.0,8712.0,12491.0,DIM
4462.0,2562.0,1348.0,875.0,3874.0,8788.0,12525.0,DIM
4484.0,2558.0,1336.0,938.0,3801.0,8735.0,12483.0,DIM
4465.0,2553.0,1240.0,905.0,3559.0,8738.0,12486.0,DIM
4416.0,2566.0,1385.0,1008.0,4418.0,8630.0,12412.0,DIM
4415.0,2554.0,1284.0,905.0,3475.0,8659.0,12448.0,DIM
4450.0,2549.0,1315.0,924.0,3271.0,8619.0,13263.0,DIM
4430.0,2545.0,1254.0,882.0,3307.0,8637.0,13189.0,DIM
4405.0,2558.0,1376.0,997.0,3243.0,8576.0,12530.0,DIM
4442.0,2561.0,1370.0,911.0,3194.0,8650.0,12473.0,DIM
4440.0,2556.0,1295.0,926.0,3126.0,8492.0,12435.0,DIM
4418.0,2552.0,1236.0,878.0,3114.0,8556.0,12423.0,DIM
4290.0,2557.0,1404.0,931.0,2660.0,8414.0,12390.0,DIM
4316.0,2554.0,1279.0,858.0,2700.0,8472.0,12387.0,DIM
4357.0,2560.0,1336.0,927.0,3574.0,8485.0,12369.0,DIM
4345.0,2556.0,1241.0,843.0,3855.0,8503.0,12369.0,DIM
4265.0,2556.0,1352.0,871.0,2328.0,8212.0,12264.0,DIM
4295.0,2553.0,1301.0,860.0,2472.0,8176.0,12288.0,DIM
4389.0,2558.0,1339.0,895.0,3368.0,8017.0,12247.0,DIM
4382.0,2558.0,1240.0,845.0,3291.0,7963.0,12267.0,DIM
4323.0,2561.0,1375.0,932.0,3564.0,7521.0,12186.0,DIM
4348.0,2559.0,1293.0,882.0,3345.0,7677.0,12201.0,DIM
4455.0,2571.0,1377.0,912.0,3541.0,7800.0,12082.0,DIM
4438.0,2566.0,1275.0,885.0,3386.0,7807.0,12134.0,DIM
4409.0,2571.0,1404.0,922.0,3410.0,7669.0,12109.0,DIM
4436.0,2569.0,1348.0,869.0,3385.0,7722.0,12110.0,DIM
4479.0,2571.0,1353.0,913.0,3657.0,7728.0,12086.0,DIM
4456.0,2567.0,1303.0,902.0,3630.0,7741.0,12103.0,DIM
4365.0,2569.0,1391.0,943.0,3509.0,7594.0,12035.0,DIM
4385.0,2568.0,1326.0,867.0,3560.0,7643.0,12055.0,DIM
4450.0,2571.0,1330.0,899.0,3631.0,7638.0,12027.0,DIM
4432.0,2570.0,1265.0,880.0,3654.0,7646.0,12040.0,DIM
4305.0,2566.0,1363.0,909.0,3624.0,7427.0,11993.0,DIM
4352.0,2566.0,1311.0,883.0,3631.0,7474.0,11988.0,DIM
4378.0,2560.0,1340.0,943.0,3670.0,7405.0,13169.0,DIM
4364.0,2559.0,1244.0,872.0,3672.0,7405.0,13342.0,DIM
4327.0,2566.0,1421.0,931.0,3645.0,7162.0,13409.0,DIM
4366.0,2566.0,1406.0,878.0,3666.0,7209.0,13280.0,DIM
4399.0,2568.0,1324.0,911.0,3802.0,7086.0,13183.0,DIM
4378.0,2563.0,1261.0,862.0,3837.0,7072.0,13221.0,DIM
4407.0,2591.0,1772.0,945.0,3186.0,6258.0,8145.0,DIM
4540.0,2596.0,1698.0,893.0,3168.0,6451.0,8152.0,DIM
4482.0,2581.0,1544.0,926.0,3195.0,6252.0,8136.0,DIM
4458.0,2575.0,1415.0,865.0,3153.0,6235.0,8063.0,DIM
6800.0,2596.0,2082.0,1246.0,5349.0,12751.0,12680.0,DIM
6809.0,2590.0,1965.0,1225.0,5457.0,12751.0,12801.0,DIM
6856.0,2598.0,2073.0,1227.0,5423.0,13042.0,13032.0,DIM
6820.0,2591.0,1974.0,1189.0,5477.0,13069.0,12231.0,DIM
4796.0,2844.0,2216.0,1603.0,4092.0,11197.0,12967.0,DIM
4799.0,2792.0,2150.0,1590.0,4101.0,11263.0,12989.0,DIM
4816.0,2787.0,2063.0,1681.0,3987.0,11163.0,12962.0,DIM
4797.0,2781.0,2042.0,1664.0,4075.0,11339.0,12971.0,DIM
4691.0,2816.0,2057.0,1676.0,4094.0,11239.0,12709.0,DIM
4712.0,2821.0,2029.0,1668.0,4096.0,11246.0,12848.0,DIM
4776.0,2831.0,2239.0,1500.0,3738.0,11349.0,12916.0,DIM
4765.0,2793.0,2080.0,1431.0,3880.0,11429.0,12914.0,DIM
4678.0,2796.0,2016.0,1156.0,3861.0,11135.0,12806.0,DIM
4702.0,2808.0,1981.0,1129.0,3874.0,11230.0,12850.0,DIM
4784.0,2813.0,2118.0,1255.0,3987.0,11184.0,12859.0,DIM
4778.0,2824.0,2026.0,1109.0,4012.0,11254.0,12891.0,DIM
4678.0,2771.0,2099.0,1152.0,3732.0,11157.0,12869.0,DIM
4706.0,2779.0,1998.0,1073.0,3761.0,11164.0,12905.0,DIM
4800.0,2798.0,2233.0,1167.0,3742.0,11195.0,12906.0,DIM
4801.0,2797.0,2096.0,1102.0,3760.0,11268.0,12909.0,DIM
4592.0,2642.0,1999.0,1182.0,3763.0,11370.0,12917.0,DIM
4623.0,2637.0,1895.0,1022.0,3752.0,11388.0,12915.0,DIM
4709.0,2632.0,2022.0,1076.0,3769.0,11454.0,12909.0,DIM
4700.0,2633.0,1846.0,1036.0,3805.0,11487.0,12917.0,DIM
4552.0,2612.0,1977.0,1145.0,3685.0,11449.0,12916.0,DIM
4579.0,2609.0,1874.0,1037.0,3709.0,11479.0,12893.0,DIM
4637.0,2607.0,1799.0,1095.0,3391.0,11457.0,12860.0,DIM
4645.0,2607.0,1712.0,983.0,3461.0,11484.0,12893.0,DIM
4482.0,2594.0,1875.0,944.0,3371.0,11159.0,12779.0,DIM
4539.0,2593.0,1826.0,924.0,3389.0,11259.0,12809.0,DIM
4652.0,2594.0,1927.0,1013.0,3386.0,11307.0,12771.0,DIM
4665.0,2592.0,1821.0,953.0,3422.0,11390.0,12783.0,DIM
4714.0,2588.0,1834.0,1026.0,3435.0,11538.0,12760.0,DIM
4751.0,2585.0,1754.0,969.0,3428.0,11438.0,12762.0,DIM
4821.0,2586.0,1976.0,999.0,3392.0,11349.0,12753.0,DIM
4832.0,2582.0,1752.0,957.0,3450.0,11462.0,12761.0,DIM
4766.0,2575.0,1797.0,1089.0,3438.0,11375.0,12714.0,DIM
4792.0,2575.0,1758.0,988.0,3426.0,11313.0,12734.0,DIM
4777.0,2571.0,1704.0,1035.0,3174.0,11316.0,12707.0,DIM
4759.0,2569.0,1599.0,938.0,3232.0,11559.0,12693.0,DIM
4562.0,2570.0,1765.0,1037.0,3265.0,11390.0,12627.0,DIM
4598.0,2570.0,1700.0,963.0,3233.0,11501.0,12641.0,DIM
4651.0,2572.0,1755.0,1030.0,3307.0,11179.0,12647.0,DIM
4653.0,2570.0,1702.0,971.0,3313.0,11217.0,12644.0,DIM
4573.0,2571.0,1753.0,1026.0,3251.0,10982.0,12641.0,DIM
4596.0,2572.0,1663.0,936.0,3253.0,11155.0,12648.0,DIM
4655.0,2570.0,1739.0,1011.0,3374.0,11083.0,12652.0,DIM
4642.0,2568.0,1670.0,929.0,3357.0,11026.0,12657.0,DIM
4487.0,2564.0,1685.0,1001.0,3397.0,11215.0,12649.0,DIM
4526.0,2564.0,1597.0,945.0,3394.0,11131.0,12662.0,DIM
4575.0,2565.0,1585.0,1087.0,3475.0,11060.0,12670.0,DIM
4577.0,2561.0,1512.0,922.0,3454.0,11120.0,12662.0,DIM
4511.0,2562.0,1591.0,935.0,3529.0,11012.0,12633.0,DIM
4537.0,2564.0,1551.0,914.0,3513.0,11032.0,12634.0,DIM
4610.0,2563.0,1561.0,1002.0,3063.0,11086.0,12626.0,DIM
4599.0,2561.0,1490.0,904.0,3053.0,11085.0,12620.0,DIM
4165.0,2535.0,1401.0,965.0,3779.0,10078.0,12417.0,DIM
4203.0,2534.0,1336.0,882.0,3970.0,10151.0,12433.0,DIM
4303.0,2538.0,1347.0,987.0,3697.0,10189.0,12456.0,DIM
4303.0,2537.0,1292.0,886.0,3950.0,10197.0,12488.0,DIM
7225.0,2638.0,2097.0,1325.0,6077.0,13350.0,12034.0,DIM
7258.0,2634.0,1935.0,1293.0,6153.0,13343.0,12009.0,DIM
7260.0,2632.0,2039.0,1301.0,5917.0,13260.0,12050.0,DIM
7243.0,2627.0,1947.0,1271.0,6271.0,13267.0,12056.0,DIM
5634.0,2491.0,1779.0,1066.0,4525.0,7126.0,12760.0,KAN
5675.0,2489.0,1692.0,1020.0,4735.0,7197.0,12759.0,KAN
5670.0,2488.0,1672.0,986.0,4579.0,7151.0,12783.0,KAN
5661.0,2486.0,1541.0,957.0,4663.0,7164.0,12811.0,KAN
5872.0,2520.0,1792.0,1093.0,6135.0,8342.0,12549.0,KAN
5937.0,2523.0,1640.0,1071.0,6307.0,8420.0,12588.0,KAN
5995.0,2529.0,1738.0,1069.0,6241.0,8398.0,12558.0,KAN
5995.0,2518.0,1697.0,1063.0,6225.0,8344.0,12572.0,KAN
5814.0,2516.0,1751.0,1130.0,5194.0,8004.0,12647.0,KAN
5854.0,2519.0,1645.0,1098.0,5469.0,8063.0,12654.0,KAN
5902.0,2520.0,1770.0,1053.0,5273.0,8012.0,12616.0,KAN
5942.0,2520.0,1692.0,1048.0,5323.0,8016.0,12650.0,KAN
4636.0,2611.0,1812.0,941.0,3199.0,6510.0,8187.0,KAN
4681.0,2605.0,1680.0,884.0,3162.0,6582.0,8217.0,KAN
4589.0,2583.0,1572.0,891.0,3139.0,6377.0,8152.0,KAN
4557.0,2576.0,1522.0,858.0,3136.0,6355.0,8168.0,KAN
5659.0,2494.0,1793.0,1043.0,4701.0,7131.0,12846.0,KAN
5676.0,2491.0,1634.0,977.0,4708.0,7164.0,12840.0,KAN
5694.0,2493.0,1689.0,959.0,4347.0,7157.0,12783.0,KAN
5684.0,2494.0,1557.0,963.0,4535.0,7164.0,12821.0,KAN
5623.0,2512.0,1804.0,933.0,3970.0,7276.0,12856.0,NWE
5638.0,2509.0,1742.0,940.0,3995.0,7348.0,12732.0,NWE
5657.0,2507.0,1762.0,1007.0,3692.0,7301.0,12639.0,NWE
5635.0,2500.0,1698.0,972.0,4745.0,7292.0,12610.0,NWE
5652.0,2493.0,1727.0,1001.0,4486.0,7074.0,12738.0,NWE
5686.0,2495.0,1649.0,977.0,4508.0,7131.0,12780.0,NWE
5651.0,2490.0,1750.0,969.0,4045.0,7061.0,12794.0,NWE
5647.0,2491.0,1561.0,953.0,4358.0,7082.0,12773.0,NWE
4489.0,2621.0,1946.0,941.0,3115.0,6358.0,8103.0,NWE
4651.0,2620.0,1804.0,915.0,3143.0,6573.0,8116.0,NWE
4466.0,2587.0,1586.0,936.0,3192.0,6186.0,8137.0,NWE
4428.0,2583.0,1446.0,870.0,3179.0,6155.0,8161.0,NWE
5647.0,2496.0,1809.0,979.0,4575.0,7093.0,12790.0,NWE
5670.0,2495.0,1658.0,970.0,4500.0,7135.0,12771.0,NWE
5658.0,2488.0,1720.0,985.0,4140.0,7083.0,12723.0,NWE
5648.0,2485.0,1604.0,968.0,4423.0,7092.0,12743.0,NWE
5685.0,2512.0,1805.0,987.0,4281.0,7167.0,12745.0,NWE
5693.0,2507.0,1692.0,978.0,4279.0,7155.0,12755.0,NWE
5645.0,2498.0,1723.0,984.0,4238.0,7056.0,12723.0,NWE
5619.0,2495.0,1601.0,975.0,4285.0,7053.0,12728.0,NWE
5671.0,2504.0,1739.0,1014.0,4362.0,7123.0,12762.0,NWE
5741.0,2510.0,1675.0,1016.0,4458.0,7221.0,12756.0,NWE
5647.0,2498.0,1746.0,983.0,4095.0,7081.0,12753.0,NWE
5617.0,2491.0,1609.0,969.0,4274.0,7065.0,12776.0,NWE
5418.0,2492.0,1644.0,934.0,4031.0,6664.0,12635.0,RUN
5562.0,2495.0,1518.0,963.0,3817.0,6797.0,12634.0,RUN
5674.0,2503.0,1699.0,1002.0,3690.0,6901.0,12666.0,RUN
5669.0,2499.0,1601.0,972.0,3741.0,6939.0,12626.0,RUN
5680.0,2503.0,1542.0,967.0,3529.0,6945.0,12645.0,RUN
5651.0,2498.0,1472.0,945.0,3424.0,6879.0,12665.0,RUN
5642.0,2501.0,1674.0,974.0,3444.0,6892.0,12663.0,RUN
5611.0,2495.0,1555.0,958.0,3317.0,6889.0,12631.0,RUN
5516.0,2490.0,1584.0,938.0,3852.0,6768.0,12617.0,RUN
5538.0,2488.0,1484.0,938.0,3930.0,6756.0,12684.0,RUN
5562.0,2494.0,1659.0,974.0,3156.0,6789.0,12661.0,RUN
5780.0,2524.0,1735.0,1058.0,4282.0,7148.0,12530.0,RUN
5771.0,2517.0,1570.0,998.0,4246.0,7139.0,12553.0,RUN
5737.0,2517.0,1707.0,1009.0,3994.0,7085.0,12588.0,RUN
5726.0,2511.0,1574.0,980.0,4062.0,7073.0,12599.0,RUN
5696.0,2504.0,1578.0,941.0,3871.0,6984.0,12581.0,RUN
5688.0,2497.0,1444.0,933.0,3858.0,6938.0,12577.0,RUN
5668.0,2499.0,1614.0,1000.0,3740.0,6925.0,12587.0,RUN
5655.0,2497.0,1500.0,968.0,3821.0,6932.0,12579.0,RUN
5770.0,2525.0,1598.0,973.0,3712.0,7100.0,12425.0,RUN
5760.0,2510.0,1445.0,960.0,3635.0,7045.0,12440.0,RUN
5749.0,2509.0,1688.0,966.0,3991.0,7041.0,12467.0,RUN
5743.0,2502.0,1519.0,948.0,3919.0,7058.0,12475.0,RUN
5717.0,2500.0,1593.0,925.0,3882.0,7012.0,12505.0,RUN
5720.0,2498.0,1454.0,916.0,3922.0,6971.0,12487.0,RUN
5697.0,2500.0,1639.0,967.0,3505.0,6946.0,12457.0,RUN
5676.0,2496.0,1508.0,940.0,3470.0,6956.0,12490.0,RUN
6145.0,2545.0,1868.0,1063.0,5324.0,9083.0,12546.0,RUN
6173.0,2547.0,1746.0,1046.0,5242.0,9150.0,12591.0,RUN
6160.0,2543.0,1827.0,1095.0,5031.0,9018.0,12523.0,RUN
6121.0,2533.0,1650.0,1073.0,5137.0,8984.0,12496.0,RUN
4735.0,2609.0,2103.0,1027.0,3186.0,6772.0,8138.0,RUN
4995.0,2618.0,2155.0,929.0,3151.0,7085.0,8164.0,RUN
4717.0,2548.0,1745.0,932.0,3215.0,6602.0,8086.0,RUN
4674.0,2538.0,1650.0,841.0,3178.0,6551.0,8106.0,RUN
4292.0,2533.0,1468.0,992.0,2442.0,8212.0,11749.0,RUN
4356.0,2530.0,1423.0,922.0,2464.0,8318.0,11748.0,RUN
4386.0,2525.0,1292.0,952.0,2194.0,8244.0,11744.0,RUN
4378.0,2519.0,1235.0,917.0,2179.0,8260.0,11742.0,RUN
4357.0,2527.0,1376.0,903.0,2370.0,8287.0,11742.0,RUN
4389.0,2525.0,1312.0,862.0,2340.0,8328.0,11758.0,RUN
4449.0,2522.0,1296.0,974.0,2018.0,8303.0,11733.0,RUN
4447.0,2520.0,1246.0,884.0,2128.0,8319.0,11732.0,RUN
4455.0,2529.0,1464.0,1048.0,2388.0,8339.0,11743.0,RUN
4500.0,2527.0,1346.0,926.0,2389.0,8410.0,11767.0,RUN
4532.0,2526.0,1380.0,950.0,2164.0,8379.0,11747.0,RUN
4524.0,2524.0,1292.0,874.0,2247.0,8403.0,11763.0,RUN
4589.0,2546.0,1647.0,949.0,2341.0,8573.0,11748.0,RUN
4646.0,2545.0,1518.0,913.0,2326.0,8687.0,11760.0,RUN
4632.0,2536.0,1282.0,934.0,2388.0,8590.0,11759.0,RUN
4625.0,2534.0,1233.0,892.0,2380.0,8604.0,11766.0,RUN
5106.0,2606.0,1660.0,1071.0,4035.0,9831.0,12857.0,RUN
5139.0,2599.0,1554.0,1036.0,4075.0,9970.0,12894.0,RUN
5057.0,2582.0,1434.0,1027.0,4063.0,9677.0,12850.0,RUN
5028.0,2578.0,1381.0,992.0,4115.0,9698.0,12879.0,RUN
5236.0,2587.0,1576.0,1052.0,3422.0,9621.0,12832.0,RUN
5523.0,2582.0,1497.0,1024.0,3625.0,9626.0,12840.0,RUN
5969.0,2579.0,1426.0,1047.0,4081.0,9511.0,12808.0,RUN
5836.0,2574.0,1361.0,997.0,4040.0,9482.0,12838.0,RUN
5250.0,2586.0,1619.0,1058.0,4206.0,9477.0,12796.0,RUN
5233.0,2576.0,1513.0,964.0,4051.0,9464.0,12783.0,RUN
5248.0,2567.0,1419.0,986.0,4276.0,9283.0,12772.0,RUN
5232.0,2561.0,1352.0,950.0,4008.0,9274.0,12761.0,RUN
5139.0,2597.0,1630.0,1038.0,3985.0,9272.0,12741.0,RUN
5336.0,2595.0,1564.0,838.0,4064.0,9377.0,12727.0,RUN
5131.0,2572.0,1438.0,991.0,4073.0,9188.0,12711.0,RUN
5111.0,2568.0,1355.0,931.0,4463.0,9197.0,12710.0,RUN
5037.0,2573.0,1566.0,994.0,4037.0,9025.0,12633.0,RUN
4774.0,2570.0,1492.0,929.0,4047.0,9092.0,12647.0,RUN
4654.0,2564.0,1372.0,913.0,3948.0,8971.0,12606.0,RUN
4611.0,2558.0,1285.0,900.0,3987.0,8973.0,12606.0,RUN
4535.0,2572.0,1477.0,938.0,4073.0,8981.0,12572.0,RUN
4562.0,2568.0,1393.0,891.0,3980.0,8988.0,12578.0,RUN
4536.0,2561.0,1380.0,967.0,3904.0,8869.0,12519.0,RUN
4520.0,2556.0,1290.0,896.0,3938.0,8873.0,12519.0,RUN
6178.0,2556.0,1817.0,1136.0,5391.0,9588.0,12825.0,RUN
6298.0,2559.0,1827.0,1122.0,5194.0,9696.0,12791.0,RUN
6264.0,2554.0,1791.0,1147.0,5246.0,9514.0,12829.0,RUN
6220.0,2545.0,1704.0,1083.0,4786.0,9473.0,12764.0,RUN
10390.0,3731.0,6017.0,2059.0,9424.0,15902.0,13198.0,RUN
10391.0,3710.0,5941.0,2109.0,9097.0,17690.0,12978.0,RUN
10295.0,3513.0,5050.0,2193.0,8248.0,17270.0,12709.0,RUN
10245.0,3499.0,4973.0,2171.0,8248.0,17254.0,12634.0,RUN
7354.0,2655.0,2109.0,1254.0,6566.0,13613.0,12077.0,RUN
7385.0,2651.0,2046.0,1254.0,6501.0,13644.0,12076.0,RUN
7393.0,2648.0,2018.0,1318.0,6217.0,13548.0,12104.0,RUN
7383.0,2642.0,1890.0,1287.0,6169.0,13562.0,12114.0,RUN
6981.0,2619.0,2086.0,1250.0,5871.0,12865.0,12078.0,RUN
7017.0,2617.0,2034.0,1222.0,5717.0,12913.0,12119.0,RUN
6998.0,2606.0,2091.0,1262.0,5799.0,12812.0,12201.0,RUN
6981.0,2599.0,1943.0,1237.0,5907.0,12826.0,12233.0,RUN
4134.0,2640.0,1866.0,850.0,2295.0,9714.0,8723.0,SB
4171.0,2637.0,1746.0,754.0,2259.0,9637.0,8718.0,SB
4234.0,2637.0,1766.0,801.0,2357.0,9782.0,8669.0,SB
4234.0,2635.0,1661.0,775.0,2336.0,9812.0,8669.0,SB
4163.0,2632.0,1774.0,760.0,2274.0,9478.0,8673.0,SB
4210.0,2634.0,1736.0,726.0,2266.0,9412.0,8619.0,SB
4301.0,2653.0,2267.0,812.0,2044.0,9653.0,8643.0,SB
4313.0,2652.0,2122.0,761.0,2085.0,9849.0,8679.0,SB
4372.0,2670.0,2076.0,805.0,2240.0,10556.0,8738.0,SB
4393.0,2662.0,1920.0,753.0,2218.0,9941.0,8722.0,SB
4423.0,2663.0,2121.0,784.0,2314.0,8959.0,8668.0,SB
4418.0,2657.0,1936.0,730.0,2310.0,9132.0,8692.0,SB
4404.0,2668.0,2064.0,807.0,2534.0,9029.0,8696.0,SB
4425.0,2664.0,1963.0,763.0,2455.0,9111.0,8714.0,SB
4459.0,2667.0,1979.0,800.0,2258.0,9140.0,8682.0,SB
4442.0,2659.0,1820.0,752.0,2247.0,9244.0,8686.0,SB
4287.0,2625.0,1592.0,771.0,2242.0,8928.0,8593.0,SB
4317.0,2622.0,1489.0,721.0,2177.0,8941.0,8614.0,SB
4388.0,2627.0,1495.0,821.0,2361.0,8945.0,8550.0,SB
4371.0,2622.0,1390.0,741.0,2221.0,8959.0,8571.0,SB
3960.0,2622.0,1454.0,791.0,2267.0,8594.0,8529.0,SB
3992.0,2621.0,1347.0,727.0,2258.0,8515.0,8536.0,SB
4052.0,2625.0,1485.0,798.0,2213.0,8521.0,8496.0,SB
4047.0,2621.0,1319.0,746.0,2175.0,8471.0,8507.0,SB
4064.0,2633.0,1506.0,745.0,2246.0,8388.0,8495.0,SB
4107.0,2633.0,1433.0,733.0,2224.0,8463.0,8509.0,SB
4143.0,2632.0,1387.0,775.0,2118.0,8495.0,8465.0,SB
4128.0,2628.0,1273.0,718.0,2101.0,8543.0,8465.0,SB
3944.0,2616.0,1370.0,759.0,2102.0,8440.0,8424.0,SB
3998.0,2617.0,1250.0,722.0,2045.0,8675.0,8437.0,SB
4070.0,2620.0,1354.0,809.0,2046.0,8588.0,8369.0,SB
4070.0,2617.0,1223.0,747.0,2041.0,8734.0,8388.0,SB
4082.0,2626.0,1362.0,771.0,2099.0,8804.0,8387.0,SB
4100.0,2623.0,1258.0,706.0,2085.0,8736.0,8393.0,SB
4140.0,2625.0,1293.0,747.0,2080.0,8661.0,8373.0,SB
4134.0,2623.0,1207.0,710.0,2080.0,8963.0,8379.0,SB
4127.0,2630.0,1401.0,726.0,2151.0,8793.0,8416.0,SB
4138.0,2627.0,1269.0,721.0,2097.0,8800.0,8426.0,SB
4188.0,2630.0,1232.0,742.0,2104.0,9007.0,8414.0,SB
4171.0,2627.0,1179.0,727.0,2106.0,8849.0,8427.0,SB
4694.0,2643.0,1890.0,992.0,3165.0,6616.0,8127.0,SB
4694.0,2633.0,1672.0,892.0,3144.0,6615.0,7997.0,SB
4617.0,2622.0,1704.0,935.0,3153.0,6428.0,8112.0,SB
4579.0,2621.0,1615.0,861.0,3154.0,6401.0,8130.0,SB
6399.0,2556.0,1851.0,1078.0,5573.0,11037.0,12435.0,SB
6433.0,2552.0,1826.0,1084.0,5598.0,11043.0,12440.0,SB
6439.0,2551.0,1863.0,1098.0,5269.0,10809.0,12442.0,SB
6443.0,2548.0,1804.0,1083.0,5343.0,10815.0,12519.0,SB
9139.0,3054.0,3134.0,1625.0,7599.0,16377.0,13158.0,SB
9159.0,3043.0,3091.0,1647.0,7611.0,16504.0,13188.0,SB
9159.0,2986.0,2883.0,1721.0,8095.0,16296.0,13245.0,SB
9128.0,2977.0,2836.0,1678.0,7503.0,16340.0,13104.0,SB
5592.0,2504.0,1859.0,1059.0,5182.0,7214.0,12790.0,UPS
5621.0,2502.0,1765.0,974.0,5215.0,7250.0,12832.0,UPS
5675.0,2504.0,1687.0,990.0,4867.0,7253.0,12762.0,UPS
5653.0,2497.0,1561.0,982.0,5006.0,7245.0,12705.0,UPS
4441.0,2598.0,1683.0,901.0,3234.0,6227.0,8150.0,UPS
4456.0,2590.0,1562.0,857.0,3225.0,6206.0,8176.0,UPS
4463.0,2595.0,1672.0,914.0,3235.0,6168.0,8171.0,UPS
4443.0,2587.0,1606.0,902.0,3228.0,6169.0,8188.0,UPS
4620.0,2536.0,1708.0,943.0,3274.0,6547.0,8078.0,UVA
4647.0,2534.0,1621.0,854.0,3207.0,6528.0,8032.0,UVA
4645.0,2527.0,1684.0,890.0,3254.0,6443.0,8062.0,UVA
4619.0,2521.0,1610.0,831.0,3239.0,6429.0,8117.0,UVA
5717.0,2520.0,1968.0,964.0,4119.0,7576.0,12750.0,UVA
5717.0,2511.0,1818.0,967.0,4274.0,7603.0,12740.0,UVA
5793.0,2525.0,1908.0,1004.0,4353.0,7610.0,12770.0,UVA
5804.0,2519.0,1757.0,1008.0,4417.0,7585.0,12849.0,UVA
5626.0,2493.0,1676.0,1036.0,4995.0,7186.0,12657.0,UVA
5660.0,2490.0,1600.0,1011.0,5030.0,7246.0,12669.0,UVA
5703.0,2495.0,1729.0,1044.0,4961.0,7254.0,12724.0,UVA
5668.0,2486.0,1599.0,984.0,5002.0,7235.0,12694.0,UVA
5611.0,2489.0,1733.0,970.0,5074.0,7119.0,12759.0,UVA
5641.0,2487.0,1688.0,976.0,4993.0,7161.0,12774.0,UVA
5671.0,2488.0,1716.0,978.0,4478.0,7157.0,12797.0,UVA
5666.0,2485.0,1628.0,967.0,4717.0,7181.0,12801.0,UVA
4574.0,2583.0,1583.0,875.0,3149.0,6388.0,8172.0,KAN
5667.0,2488.0,1578.0,965.0,4681.0,7164.0,12822.0,KAN
5898.0,2520.0,1761.0,1056.0,5287.0,8016.0,12619.0,KAN
5914.0,2522.0,1693.0,1079.0,6247.0,8393.0,12574.0,KAN
4560.0,2577.0,1526.0,861.0,3136.0,6357.0,8167.0,KAN
5675.0,2491.0,1640.0,978.0,4689.0,7162.0,12831.0,KAN
5940.0,2525.0,1762.0,1080.0,6193.0,8373.0,12554.0,KAN
4628.0,2608.0,1784.0,933.0,3193.0,6495.0,8185.0,KAN
5675.0,2491.0,1551.0,961.0,4582.0,7164.0,12817.0,KAN
5995.0,2522.0,1711.0,1065.0,6230.0,8362.0,12567.0,KAN
5956.0,2521.0,1659.0,1068.0,6280.0,8395.0,12583.0,KAN
5675.0,2491.0,1550.0,961.0,4587.0,7164.0,12817.0,KAN
5667.0,2488.0,1545.0,959.0,4628.0,7164.0,12814.0,KAN
5926.0,2519.0,1750.0,1080.0,6174.0,8343.0,12559.0,KAN
5676.0,2490.0,1656.0,993.0,4718.0,7177.0,12809.0,KAN
5818.0,2516.0,1749.0,1128.0,5198.0,8004.0,12647.0,KAN
4643.0,2610.0,1792.0,932.0,3193.0,6521.0,8192.0,KAN
5906.0,2519.0,1766.0,1085.0,6160.0,8343.0,12555.0,KAN
5648.0,2491.0,1758.0,1041.0,4483.0,7133.0,12765.0,KAN
5995.0,2521.0,1707.0,1065.0,6229.0,8358.0,12568.0,KAN
5676.0,2491.0,1636.0,979.0,4709.0,7165.0,12837.0,KAN
5652.0,2493.0,1789.0,1050.0,4650.0,7130.0,12821.0,KAN
5981.0,2518.0,1708.0,1066.0,6215.0,8344.0,12569.0,KAN
4629.0,2593.0,1619.0,888.0,3149.0,6467.0,8181.0,KAN
5846.0,2518.0,1666.0,1104.0,5414.0,8051.0,12653.0,KAN
4594.0,2586.0,1597.0,896.0,3145.0,6391.0,8156.0,KAN
5646.0,2492.0,1786.0,1055.0,4609.0,7128.0,12801.0,KAN
5679.0,2492.0,1600.0,971.0,4632.0,7164.0,12832.0,KAN
5909.0,2523.0,1776.0,1086.0,6167.0,8359.0,12552.0,KAN
5895.0,2520.0,1753.0,1059.0,5300.0,8019.0,12621.0,KAN
5666.0,2487.0,1620.0,975.0,4612.0,7156.0,12794.0,KAN
5672.0,2490.0,1548.0,960.0,4604.0,7164.0,12816.0,KAN
5995.0,2520.0,1705.0,1064.0,6228.0,8355.0,12569.0,KAN
4676.0,2604.0,1674.0,884.0,3161.0,6570.0,8213.0,KAN
5867.0,2518.0,1762.0,1084.0,5241.0,8009.0,12628.0,KAN
5670.0,2491.0,1723.0,1027.0,4725.0,7177.0,12786.0,KAN
5849.0,2519.0,1658.0,1102.0,5436.0,8056.0,12653.0,KAN
5675.0,2490.0,1629.0,977.0,4562.0,7156.0,12797.0,KAN
4644.0,2596.0,1633.0,876.0,3154.0,6515.0,8203.0,KAN
5863.0,2519.0,1650.0,1093.0,5454.0,8058.0,12654.0,KAN
5680.0,2493.0,1592.0,969.0,4614.0,7164.0,12830.0,KAN
5950.0,2524.0,1661.0,1071.0,6293.0,8415.0,12581.0,KAN
5899.0,2521.0,1729.0,1084.0,6207.0,8374.0,12565.0,KAN
4667.0,2602.0,1662.0,881.0,3159.0,6556.0,8211.0,KAN
5663.0,2492.0,1754.0,1025.0,4661.0,7137.0,12826.0,KAN
4600.0,2586.0,1585.0,890.0,3142.0,6402.0,8160.0,KAN
5690.0,2493.0,1642.0,960.0,4414.0,7159.0,12797.0,KAN
5662.0,2486.0,1550.0,959.0,4667.0,7164.0,12814.0,KAN
5678.0,2492.0,1713.0,988.0,4395.0,7149.0,12777.0,KAN
5673.0,2492.0,1721.0,997.0,4410.0,7146.0,12775.0,KAN
4636.0,2611.0,1812.0,941.0,3199.0,6510.0,8187.0,KAN
5663.0,2492.0,1750.0,1023.0,4658.0,7138.0,12824.0,KAN
5674.0,2490.0,1637.0,979.0,4566.0,7155.0,12795.0,KAN
5975.0,2528.0,1747.0,1073.0,6224.0,8389.0,12557.0,KAN
5651.0,2490.0,1729.0,1029.0,4550.0,7138.0,12771.0,KAN
4598.0,2594.0,1671.0,901.0,3168.0,6435.0,8178.0,KAN
5892.0,2521.0,1745.0,1086.0,6188.0,8366.0,12561.0,KAN
5675.0,2490.0,1676.0,1008.0,4728.0,7188.0,12781.0,KAN
5835.0,2517.0,1756.0,1111.0,5213.0,8006.0,12639.0,KAN
5683.0,2493.0,1570.0,965.0,4564.0,7164.0,12824.0,KAN
5899.0,2520.0,1771.0,1086.0,6155.0,8342.0,12554.0,KAN
5668.0,2492.0,1704.0,1006.0,4705.0,7149.0,12843.0,KAN
5675.0,2491.0,1551.0,961.0,4587.0,7164.0,12817.0,KAN
5668.0,2488.0,1679.0,991.0,4575.0,7149.0,12782.0,KAN
5847.0,2517.0,1736.0,1109.0,5227.0,8007.0,12648.0,KAN
5676.0,2491.0,1648.0,988.0,4715.0,7172.0,12820.0,KAN
5651.0,2493.0,1789.0,1050.0,4648.0,7129.0,12820.0,KAN
5954.0,2525.0,1668.0,1070.0,6288.0,8414.0,12579.0,KAN
5867.0,2519.0,1652.0,1091.0,5447.0,8056.0,12653.0,KAN
4681.0,2605.0,1680.0,884.0,3162.0,6581.0,8217.0,KAN
5682.0,2493.0,1578.0,967.0,4581.0,7164.0,12826.0,KAN
5684.0,2494.0,1560.0,964.0,4536.0,7164.0,12820.0,KAN
4627.0,2592.0,1616.0,888.0,3148.0,6461.0,8179.0,KAN
5670.0,2488.0,1671.0,986.0,4583.0,7151.0,12785.0,KAN
4600.0,2586.0,1577.0,867.0,3145.0,6433.0,8185.0,KAN
5886.0,2519.0,1662.0,1080.0,5416.0,8046.0,12653.0,KAN
5956.0,2519.0,1727.0,1073.0,6196.0,8343.0,12565.0,KAN
5968.0,2520.0,1670.0,1067.0,6263.0,8380.0,12580.0,KAN
5885.0,2518.0,1718.0,1085.0,5265.0,8011.0,12649.0,KAN
5668.0,2492.0,1705.0,1007.0,4705.0,7149.0,12843.0,KAN
4654.0,2609.0,1758.0,918.0,3184.0,6539.0,8199.0,KAN
5675.0,2489.0,1687.0,1017.0,4733.0,7194.0,12766.0,KAN
5643.0,2492.0,1784.0,1057.0,4590.0,7128.0,12792.0,KAN
5674.0,2489.0,1687.0,1012.0,4697.0,7186.0,12765.0,KAN
5671.0,2489.0,1665.0,984.0,4604.0,7154.0,12794.0,KAN
4623.0,2591.0,1606.0,872.0,3150.0,6475.0,8194.0,KAN
5676.0,2491.0,1635.0,978.0,4708.0,7165.0,12839.0,KAN
5674.0,2490.0,1649.0,981.0,4657.0,7159.0,12817.0,KAN
5893.0,2520.0,1747.0,1061.0,5309.0,8021.0,12623.0,KAN
5885.0,2521.0,1761.0,1089.0,6170.0,8358.0,12557.0,KAN
5833.0,2517.0,1742.0,1118.0,5213.0,8006.0,12647.0,KAN
4636.0,2594.0,1627.0,887.0,3151.0,6481.0,8185.0,KAN
5914.0,2520.0,1746.0,1051.0,5288.0,8013.0,12626.0,KAN
5674.0,2490.0,1621.0,974.0,4702.0,7164.0,12836.0,KAN
5900.0,2519.0,1711.0,1075.0,5281.0,8012.0,12649.0,KAN
5899.0,2520.0,1771.0,1086.0,6155.0,8342.0,12554.0,KAN
5930.0,2520.0,1715.0,1049.0,5309.0,8015.0,12640.0,KAN
4621.0,2604.0,1757.0,925.0,3187.0,6480.0,8183.0,KAN
5895.0,2521.0,1739.0,1085.0,6195.0,8369.0,12563.0,KAN
5671.0,2488.0,1668.0,985.0,4591.0,7152.0,12788.0,KAN
5988.0,2518.0,1703.0,1065.0,6220.0,8344.0,12571.0,KAN
5972.0,2520.0,1674.0,1066.0,6258.0,8374.0,12578.0,KAN
5680.0,2492.0,1597.0,970.0,4625.0,7164.0,12831.0,KAN
5644.0,2491.0,1764.0,1049.0,4496.0,7131.0,12764.0,KAN
4651.0,2609.0,1769.0,923.0,3187.0,6533.0,8197.0,KAN
5905.0,2522.0,1778.0,1087.0,6163.0,8357.0,12551.0,KAN
5949.0,2524.0,1660.0,1071.0,6293.0,8415.0,12582.0,KAN
4614.0,2598.0,1702.0,918.0,3171.0,6449.0,8171.0,KAN
5892.0,2521.0,1746.0,1086.0,6187.0,8366.0,12561.0,KAN
4585.0,2583.0,1558.0,864.0,3142.0,6407.0,8179.0,KAN
5676.0,2491.0,1644.0,985.0,4713.0,7170.0,12826.0,KAN
5874.0,2520.0,1790.0,1092.0,6137.0,8342.0,12549.0,KAN
5880.0,2518.0,1721.0,1088.0,5261.0,8010.0,12649.0,KAN
5837.0,2517.0,1756.0,1110.0,5215.0,8006.0,12639.0,KAN
5676.0,2491.0,1634.0,977.0,4707.0,7164.0,12840.0,KAN
5676.0,2491.0,1631.0,977.0,4702.0,7164.0,12839.0,KAN
5680.0,2492.0,1600.0,971.0,4632.0,7164.0,12832.0,KAN
4630.0,2608.0,1784.0,935.0,3192.0,6494.0,8183.0,KAN
4664.0,2601.0,1660.0,885.0,3158.0,6543.0,8205.0,KAN
5867.0,2519.0,1680.0,1085.0,5414.0,8049.0,12643.0,KAN
5918.0,2522.0,1686.0,1078.0,6255.0,8397.0,12576.0,KAN
4629.0,2607.0,1775.0,933.0,3190.0,6490.0,8182.0,KAN
5665.0,2488.0,1687.0,997.0,4571.0,7147.0,12780.0,KAN
5850.0,2518.0,1759.0,1099.0,5226.0,8007.0,12634.0,KAN
5682.0,2493.0,1570.0,966.0,4540.0,7163.0,12817.0,KAN
5639.0,2491.0,1763.0,1054.0,4533.0,7130.0,12763.0,KAN
5880.0,2520.0,1786.0,1091.0,6141.0,8342.0,12550.0,KAN
5662.0,2489.0,1695.0,1003.0,4567.0,7146.0,12778.0,KAN
4651.0,2598.0,1644.0,886.0,3154.0,6514.0,8195.0,KAN
5673.0,2490.0,1650.0,981.0,4654.0,7159.0,12816.0,KAN
5949.0,2519.0,1732.0,1074.0,6191.0,8343.0,12563.0,KAN
5683.0,2494.0,1556.0,963.0,4543.0,7164.0,12820.0,KAN
5670.0,2488.0,1675.0,988.0,4582.0,7150.0,12785.0,KAN
5953.0,2522.0,1656.0,1069.0,6284.0,8398.0,12583.0,KAN
5672.0,2489.0,1660.0,983.0,4618.0,7155.0,12800.0,KAN
5899.0,2520.0,1669.0,1072.0,5394.0,8039.0,12652.0,KAN
5675.0,2505.0,1730.0,1007.0,4346.0,7129.0,12761.0,NWE
5651.0,2494.0,1742.0,997.0,4503.0,7078.0,12748.0,NWE
5642.0,2497.0,1711.0,982.0,4242.0,7057.0,12729.0,NWE
5683.0,2506.0,1714.0,995.0,4317.0,7140.0,12758.0,NWE
5646.0,2496.0,1728.0,981.0,4201.0,7057.0,12737.0,NWE
5622.0,2495.0,1597.0,973.0,4293.0,7056.0,12733.0,NWE
5631.0,2508.0,1786.0,949.0,4010.0,7214.0,12823.0,NWE
5647.0,2490.0,1566.0,955.0,4365.0,7083.0,12770.0,NWE
5691.0,2508.0,1718.0,980.0,4279.0,7158.0,12753.0,NWE
5635.0,2503.0,1781.0,948.0,4002.0,7184.0,12830.0,NWE
4469.0,2590.0,1511.0,878.0,3172.0,6231.0,8153.0,NWE
5667.0,2495.0,1679.0,971.0,4510.0,7129.0,12774.0,NWE
5623.0,2512.0,1804.0,933.0,3971.0,7275.0,12856.0,NWE
5713.0,2502.0,1662.0,996.0,4484.0,7175.0,12768.0,NWE
5630.0,2496.0,1652.0,979.0,4265.0,7054.0,12726.0,NWE
5650.0,2492.0,1744.0,972.0,4088.0,7060.0,12778.0,NWE
4488.0,2591.0,1612.0,933.0,3186.0,6232.0,8134.0,NWE
5618.0,2494.0,1604.0,973.0,4281.0,7057.0,12744.0,NWE
5648.0,2485.0,1602.0,967.0,4419.0,7091.0,12745.0,NWE
5688.0,2510.0,1768.0,984.0,4280.0,7163.0,12748.0,NWE
5634.0,2493.0,1580.0,964.0,4323.0,7068.0,12751.0,NWE
5655.0,2488.0,1620.0,969.0,4446.0,7105.0,12751.0,NWE
5628.0,2496.0,1645.0,978.0,4268.0,7054.0,12726.0,NWE
5647.0,2496.0,1807.0,980.0,4572.0,7092.0,12789.0,NWE
5684.0,2512.0,1803.0,988.0,4284.0,7165.0,12746.0,NWE
5675.0,2506.0,1756.0,1007.0,4342.0,7134.0,12758.0,NWE
5659.0,2490.0,1631.0,969.0,4461.0,7113.0,12757.0,NWE
5675.0,2506.0,1759.0,1006.0,4338.0,7136.0,12757.0,NWE
5674.0,2508.0,1782.0,986.0,4269.0,7135.0,12739.0,NWE
5645.0,2498.0,1723.0,984.0,4234.0,7057.0,12723.0,NWE
5707.0,2501.0,1659.0,992.0,4488.0,7166.0,12771.0,NWE
5635.0,2505.0,1775.0,958.0,4033.0,7178.0,12804.0,NWE
5683.0,2511.0,1801.0,987.0,4279.0,7161.0,12744.0,NWE
5652.0,2508.0,1756.0,988.0,3776.0,7314.0,12665.0,NWE
5646.0,2497.0,1725.0,983.0,4220.0,7056.0,12730.0,NWE
5656.0,2496.0,1771.0,979.0,4559.0,7102.0,12788.0,NWE
5680.0,2494.0,1642.0,976.0,4496.0,7125.0,12775.0,NWE
5631.0,2510.0,1772.0,937.0,3983.0,7313.0,12793.0,NWE
5645.0,2498.0,1721.0,984.0,4239.0,7056.0,12723.0,NWE
5660.0,2493.0,1708.0,995.0,4491.0,7088.0,12748.0,NWE
5653.0,2496.0,1754.0,981.0,3929.0,7140.0,12743.0,NWE
5687.0,2511.0,1778.0,985.0,4281.0,7164.0,12747.0,NWE
5630.0,2507.0,1791.0,942.0,3988.0,7225.0,12841.0,NWE
5638.0,2497.0,1690.0,982.0,4251.0,7055.0,12724.0,NWE
5628.0,2491.0,1591.0,963.0,4305.0,7071.0,12775.0,NWE
5650.0,2494.0,1722.0,984.0,4202.0,7066.0,12723.0,NWE
5635.0,2510.0,1789.0,960.0,3868.0,7285.0,12776.0,NWE
5660.0,2490.0,1633.0,969.0,4464.0,7115.0,12758.0,NWE
4434.0,2586.0,1491.0,876.0,3173.0,6173.0,8156.0,NWE
4614.0,2614.0,1745.0,908.0,3149.0,6504.0,8123.0,NWE
5681.0,2509.0,1784.0,996.0,4307.0,7153.0,12750.0,NWE
5635.0,2510.0,1754.0,939.0,3990.0,7335.0,12755.0,NWE
5624.0,2511.0,1802.0,934.0,3973.0,7267.0,12853.0,NWE
5646.0,2498.0,1747.0,957.0,4025.0,7178.0,12769.0,NWE
5660.0,2501.0,1713.0,982.0,4251.0,7088.0,12733.0,NWE
5638.0,2509.0,1743.0,940.0,3995.0,7347.0,12734.0,NWE
5668.0,2502.0,1708.0,981.0,4258.0,7104.0,12739.0,NWE
5667.0,2502.0,1736.0,1011.0,4390.0,7112.0,12757.0,NWE
5661.0,2489.0,1620.0,971.0,4453.0,7106.0,12756.0,NWE
5656.0,2490.0,1721.0,985.0,4157.0,7078.0,12723.0,NWE
4454.0,2586.0,1543.0,916.0,3188.0,6176.0,8144.0,NWE
5676.0,2507.0,1765.0,1004.0,4331.0,7140.0,12755.0,NWE
5684.0,2495.0,1654.0,979.0,4507.0,7127.0,12777.0,NWE
5653.0,2486.0,1610.0,969.0,4435.0,7097.0,12748.0,NWE
5650.0,2494.0,1755.0,993.0,4516.0,7080.0,12756.0,NWE
5620.0,2492.0,1622.0,971.0,4270.0,7064.0,12770.0,NWE
5684.0,2511.0,1800.0,989.0,4287.0,7164.0,12746.0,NWE
5684.0,2495.0,1650.0,976.0,4507.0,7131.0,12779.0,NWE
5691.0,2508.0,1721.0,980.0,4280.0,7158.0,12752.0,NWE
5629.0,2494.0,1587.0,968.0,4310.0,7063.0,12743.0,NWE
4470.0,2593.0,1652.0,937.0,3178.0,6217.0,8131.0,NWE
5633.0,2497.0,1669.0,980.0,4259.0,7055.0,12725.0,NWE
5660.0,2494.0,1695.0,986.0,4493.0,7103.0,12754.0,NWE
4606.0,2612.0,1751.0,920.0,3155.0,6479.0,8121.0,NWE
5652.0,2493.0,1735.0,999.0,4494.0,7076.0,12743.0,NWE
5652.0,2490.0,1747.0,971.0,4055.0,7063.0,12787.0,NWE
5677.0,2496.0,1660.0,975.0,4496.0,7144.0,12770.0,NWE
5636.0,2491.0,1579.0,959.0,4327.0,7076.0,12774.0,NWE
5655.0,2501.0,1758.0,994.0,3812.0,7220.0,12692.0,NWE
5628.0,2511.0,1782.0,935.0,3979.0,7301.0,12813.0,NWE
5632.0,2511.0,1792.0,953.0,3894.0,7283.0,12797.0,NWE
5654.0,2494.0,1728.0,1002.0,4473.0,7079.0,12740.0,NWE
5666.0,2496.0,1663.0,970.0,4528.0,7153.0,12753.0,NWE
5630.0,2511.0,1795.0,949.0,3909.0,7282.0,12808.0,NWE
4467.0,2607.0,1767.0,916.0,3138.0,6285.0,8124.0,NWE
4433.0,2586.0,1488.0,876.0,3174.0,6172.0,8156.0,NWE
4496.0,2592.0,1621.0,933.0,3184.0,6249.0,8134.0,NWE
5646.0,2499.0,1746.0,979.0,4085.0,7108.0,12751.0,NWE
5659.0,2494.0,1700.0,989.0,4492.0,7098.0,12751.0,NWE
4650.0,2620.0,1805.0,915.0,3143.0,6571.0,8116.0,NWE
5655.0,2507.0,1760.0,1000.0,3723.0,7306.0,12648.0,NWE
5636.0,2496.0,1685.0,979.0,4250.0,7059.0,12741.0,NWE
5635.0,2500.0,1698.0,972.0,4744.0,7291.0,12611.0,NWE
4434.0,2584.0,1469.0,881.0,3181.0,6160.0,8157.0,NWE
4568.0,2605.0,1706.0,924.0,3165.0,6398.0,8125.0,NWE
5674.0,2492.0,1635.0,974.0,4482.0,7119.0,12769.0,NWE
5627.0,2491.0,1592.0,963.0,4303.0,7071.0,12775.0,NWE
5674.0,2506.0,1754.0,1008.0,4344.0,7133.0,12758.0,NWE
5651.0,2494.0,1751.0,995.0,4512.0,7079.0,12753.0,NWE
5655.0,2490.0,1721.0,985.0,4163.0,7077.0,12723.0,NWE
4448.0,2595.0,1609.0,893.0,3158.0,6221.0,8142.0,NWE
5688.0,2499.0,1662.0,982.0,4489.0,7157.0,12767.0,NWE
5662.0,2491.0,1639.0,969.0,4473.0,7120.0,12761.0,NWE
5643.0,2500.0,1755.0,975.0,4076.0,7110.0,12769.0,NWE
5633.0,2510.0,1763.0,938.0,3986.0,7323.0,12774.0,NWE
5643.0,2503.0,1744.0,964.0,4052.0,7196.0,12744.0,NWE
5655.0,2493.0,1720.0,999.0,4488.0,7079.0,12742.0,NWE
4467.0,2607.0,1762.0,915.0,3139.0,6283.0,8124.0,NWE
5655.0,2502.0,1759.0,997.0,3786.0,7237.0,12680.0,NWE
5651.0,2494.0,1747.0,996.0,4508.0,7079.0,12751.0,NWE
5649.0,2485.0,1605.0,968.0,4425.0,7093.0,12744.0,NWE
5669.0,2506.0,1773.0,986.0,4264.0,7123.0,12736.0,NWE
5654.0,2494.0,1728.0,1002.0,4473.0,7079.0,12741.0,NWE
5679.0,2505.0,1722.0,1001.0,4331.0,7135.0,12759.0,NWE
5626.0,2511.0,1791.0,934.0,3975.0,7291.0,12831.0,NWE
5632.0,2491.0,1585.0,961.0,4316.0,7073.0,12775.0,NWE
5649.0,2495.0,1774.0,988.0,4537.0,7085.0,12768.0,NWE
5653.0,2493.0,1733.0,984.0,4118.0,7082.0,12738.0,NWE
4615.0,2614.0,1761.0,919.0,3153.0,6497.0,8120.0,NWE
4589.0,2610.0,1705.0,903.0,3153.0,6457.0,8128.0,NWE
5657.0,2494.0,1708.0,992.0,4490.0,7091.0,12747.0,NWE
4467.0,2588.0,1595.0,936.0,3190.0,6190.0,8136.0,NWE
5636.0,2491.0,1578.0,959.0,4328.0,7076.0,12774.0,NWE
5624.0,2494.0,1594.0,971.0,4298.0,7058.0,12736.0,NWE
4499.0,2621.0,1938.0,939.0,3117.0,6371.0,8104.0,NWE
5674.0,2504.0,1736.0,1014.0,4366.0,7128.0,12762.0,NWE
5650.0,2486.0,1609.0,968.0,4430.0,7096.0,12745.0,NWE
5655.0,2489.0,1731.0,979.0,4105.0,7075.0,12749.0,NWE
5671.0,2504.0,1740.0,1014.0,4361.0,7124.0,12762.0,NWE
5621.0,2495.0,1610.0,976.0,4282.0,7053.0,12728.0,NWE
5644.0,2501.0,1745.0,952.0,4016.0,7225.0,12759.0,NWE
4494.0,2621.0,1941.0,940.0,3116.0,6365.0,8103.0,NWE
4700.0,2544.0,1708.0,896.0,3200.0,6582.0,8094.0,RUN
6986.0,2601.0,1984.0,1244.0,5877.0,12822.0,12224.0,RUN
4311.0,2531.0,1441.0,966.0,2421.0,8234.0,11747.0,RUN
5717.0,2500.0,1570.0,924.0,3889.0,7005.0,12502.0,RUN
5232.0,2561.0,1353.0,951.0,4012.0,9274.0,12761.0,RUN
5646.0,2500.0,1588.0,962.0,3436.0,6886.0,12664.0,RUN
4691.0,2542.0,1688.0,877.0,3193.0,6571.0,8098.0,RUN
4422.0,2526.0,1322.0,881.0,2354.0,8352.0,11761.0,RUN
4537.0,2572.0,1476.0,938.0,4071.0,8981.0,12572.0,RUN
6152.0,2541.0,1792.0,1091.0,5052.0,9011.0,12518.0,RUN
4686.0,2541.0,1677.0,867.0,3189.0,6566.0,8100.0,RUN
4526.0,2528.0,1322.0,919.0,2387.0,8451.0,11767.0,RUN
4482.0,2528.0,1392.0,974.0,2389.0,8382.0,11758.0,RUN
4645.0,2544.0,1501.0,915.0,2331.0,8680.0,11760.0,RUN
7368.0,2653.0,2077.0,1276.0,6444.0,13590.0,12086.0,RUN
5046.0,2575.0,1571.0,998.0,4033.0,9046.0,12642.0,RUN
5099.0,2602.0,1626.0,1064.0,4039.0,9808.0,12856.0,RUN
5629.0,2496.0,1518.0,952.0,3365.0,6885.0,12646.0,RUN
7382.0,2651.0,2052.0,1254.0,6507.0,13641.0,12076.0,RUN
6249.0,2550.0,1750.0,1097.0,4937.0,9556.0,12774.0,RUN
5666.0,2497.0,1481.0,956.0,3833.0,6934.0,12578.0,RUN
5735.0,2508.0,1595.0,941.0,3825.0,7041.0,12478.0,RUN
5352.0,2578.0,1506.0,989.0,3877.0,9530.0,12806.0,RUN
5232.0,2565.0,1396.0,954.0,4020.0,9326.0,12767.0,RUN
6991.0,2603.0,2026.0,1251.0,5846.0,12818.0,12215.0,RUN
5136.0,2587.0,1556.0,1020.0,4019.0,9240.0,12730.0,RUN
5965.0,2579.0,1424.0,1046.0,4080.0,9510.0,12809.0,RUN
5695.0,2503.0,1558.0,940.0,3869.0,6977.0,12580.0,RUN
5679.0,2497.0,1460.0,943.0,3848.0,6936.0,12578.0,RUN
10283.0,3510.0,5032.0,2188.0,8248.0,17266.0,12691.0,RUN
4467.0,2528.0,1434.0,1017.0,2388.0,8357.0,11749.0,RUN
4498.0,2527.0,1351.0,931.0,2389.0,8407.0,11766.0,RUN
5648.0,2499.0,1530.0,953.0,3430.0,6883.0,12664.0,RUN
5236.0,2586.0,1569.0,1042.0,3492.0,9604.0,12827.0,RUN
6166.0,2545.0,1791.0,1073.0,5124.0,9076.0,12553.0,RUN
5672.0,2503.0,1569.0,968.0,3512.0,6934.0,12649.0,RUN
10260.0,3521.0,5074.0,2165.0,8336.0,17299.0,12670.0,RUN
7008.0,2612.0,2061.0,1241.0,5756.0,12865.0,12158.0,RUN
5671.0,2501.0,1662.0,1001.0,3712.0,6911.0,12631.0,RUN
6157.0,2543.0,1717.0,1054.0,5210.0,9099.0,12562.0,RUN
6981.0,2616.0,2066.0,1248.0,5876.0,12860.0,12100.0,RUN
5747.0,2516.0,1638.0,1011.0,4149.0,7103.0,12572.0,RUN
4645.0,2571.0,1484.0,934.0,4061.0,9032.0,12607.0,RUN
5671.0,2496.0,1501.0,941.0,3461.0,6940.0,12526.0,RUN
5718.0,2498.0,1453.0,917.0,3918.0,6969.0,12492.0,RUN
5490.0,2490.0,1548.0,936.0,3971.0,6719.0,12664.0,RUN
5659.0,2498.0,1535.0,978.0,3796.0,6930.0,12581.0,RUN
4348.0,2530.0,1428.0,930.0,2461.0,8305.0,11748.0,RUN
7384.0,2648.0,1987.0,1266.0,6376.0,13613.0,12090.0,RUN
5167.0,2591.0,1595.0,1016.0,4005.0,9329.0,12753.0,RUN
4567.0,2567.0,1382.0,892.0,3981.0,8986.0,12581.0,RUN
5737.0,2510.0,1626.0,974.0,4030.0,7058.0,12539.0,RUN
5095.0,2581.0,1451.0,1013.0,4060.0,9630.0,12835.0,RUN
5076.0,2573.0,1513.0,993.0,4052.0,9093.0,12665.0,RUN
6983.0,2600.0,1960.0,1240.0,5894.0,12824.0,12229.0,RUN
6987.0,2601.0,1991.0,1245.0,5872.0,12821.0,12223.0,RUN
4550.0,2571.0,1464.0,935.0,4058.0,8980.0,12576.0,RUN
7364.0,2650.0,2031.0,1266.0,6425.0,13595.0,12090.0,RUN
5132.0,2574.0,1456.0,995.0,4065.0,9196.0,12714.0,RUN
4586.0,2557.0,1286.0,899.0,3974.0,8946.0,12582.0,RUN
4626.0,2560.0,1316.0,905.0,3973.0,8972.0,12606.0,RUN
6220.0,2545.0,1704.0,1083.0,4786.0,9473.0,12764.0,RUN
5670.0,2500.0,1644.0,1001.0,3722.0,6917.0,12615.0,RUN
4590.0,2567.0,1387.0,898.0,3970.0,8983.0,12587.0,RUN
7359.0,2653.0,2073.0,1259.0,6501.0,13605.0,12083.0,RUN
4121.0,2624.0,1276.0,728.0,2082.0,8696.0,8382.0,SB
4077.0,2621.0,1344.0,798.0,2053.0,8583.0,8380.0,SB
4142.0,2638.0,1840.0,824.0,2289.0,9646.0,8709.0,SB
4162.0,2626.0,1186.0,723.0,2100.0,8876.0,8416.0,SB
4101.0,2627.0,1357.0,762.0,2143.0,8484.0,8483.0,SB
4172.0,2643.0,1958.0,841.0,2238.0,9700.0,8705.0,SB
4120.0,2624.0,1276.0,727.0,2082.0,8698.0,8383.0,SB
4654.0,2632.0,1793.0,962.0,3159.0,6518.0,8119.0,SB
4057.0,2628.0,1426.0,745.0,2216.0,8423.0,8500.0,SB
4000.0,2617.0,1249.0,723.0,2045.0,8676.0,8436.0,SB
4183.0,2630.0,1236.0,740.0,2103.0,8985.0,8415.0,SB
4099.0,2623.0,1257.0,707.0,2084.0,8736.0,8393.0,SB
4095.0,2620.0,1248.0,747.0,2055.0,8707.0,8383.0,SB
9153.0,3007.0,2962.0,1691.0,7939.0,16321.0,13218.0,SB
4637.0,2627.0,1644.0,877.0,3149.0,6510.0,8062.0,SB
9159.0,2991.0,2902.0,1714.0,8050.0,16315.0,13240.0,SB
4310.0,2623.0,1515.0,733.0,2193.0,8938.0,8609.0,SB
4175.0,2639.0,1825.0,830.0,2320.0,9742.0,8701.0,SB
4052.0,2617.0,1230.0,741.0,2042.0,8720.0,8400.0,SB
4408.0,2667.0,2077.0,802.0,2484.0,9013.0,8690.0,SB
4582.0,2621.0,1622.0,867.0,3154.0,6403.0,8129.0,SB
4253.0,2649.0,2151.0,823.0,2117.0,9671.0,8666.0,SB
4362.0,2622.0,1406.0,738.0,2214.0,8956.0,8578.0,SB
4302.0,2653.0,2257.0,808.0,2047.0,9667.0,8646.0,SB
4080.0,2622.0,1256.0,709.0,2077.0,8724.0,8401.0,SB
4306.0,2623.0,1527.0,739.0,2201.0,8936.0,8606.0,SB
4386.0,2626.0,1482.0,811.0,2343.0,8947.0,8553.0,SB
4140.0,2638.0,1848.0,832.0,2291.0,9668.0,8713.0,SB
4303.0,2624.0,1554.0,765.0,2238.0,8934.0,8589.0,SB
4138.0,2627.0,1262.0,720.0,2095.0,8818.0,8421.0,SB
4379.0,2624.0,1438.0,778.0,2285.0,8953.0,8561.0,SB
4036.0,2621.0,1324.0,742.0,2191.0,8479.0,8513.0,SB
4682.0,2632.0,1666.0,889.0,3145.0,6593.0,8011.0,SB
4314.0,2624.0,1528.0,761.0,2235.0,8938.0,8586.0,SB
6403.0,2555.0,1852.0,1080.0,5540.0,11012.0,12436.0,SB
4263.0,2650.0,2176.0,821.0,2101.0,9667.0,8661.0,SB
4082.0,2633.0,1475.0,740.0,2237.0,8420.0,8501.0,SB
4400.0,2654.0,1805.0,747.0,2250.0,9275.0,8674.0,SB
4678.0,2640.0,1852.0,974.0,3163.0,6586.0,8127.0,SB
3999.0,2617.0,1250.0,722.0,2045.0,8675.0,8437.0,SB
4328.0,2624.0,1493.0,756.0,2232.0,8943.0,8582.0,SB
4166.0,2634.0,1762.0,757.0,2268.0,9544.0,8692.0,SB
4220.0,2637.0,1762.0,791.0,2335.0,9750.0,8680.0,SB
4015.0,2618.0,1255.0,725.0,2049.0,8673.0,8429.0,SB
4307.0,2623.0,1524.0,738.0,2199.0,8937.0,8607.0,SB
4615.0,2622.0,1699.0,931.0,3153.0,6426.0,8113.0,SB
4132.0,2627.0,1279.0,727.0,2094.0,8581.0,8435.0,SB
4108.0,2626.0,1371.0,791.0,2083.0,8540.0,8419.0,SB
4108.0,2625.0,1300.0,712.0,2105.0,8753.0,8400.0,SB
4198.0,2638.0,1802.0,819.0,2334.0,9757.0,8689.0,SB
4425.0,2664.0,1962.0,762.0,2451.0,9112.0,8713.0,SB
4051.0,2621.0,1322.0,747.0,2173.0,8472.0,8505.0,SB
4312.0,2626.0,1568.0,784.0,2272.0,8932.0,8582.0,SB
4105.0,2621.0,1258.0,747.0,2061.0,8697.0,8380.0,SB
4614.0,2628.0,1698.0,900.0,3157.0,6466.0,8129.0,SB
4162.0,2639.0,1838.0,836.0,2313.0,9733.0,8708.0,SB
6401.0,2556.0,1849.0,1078.0,5565.0,11029.0,12438.0,SB
4360.0,2625.0,1493.0,782.0,2289.0,8943.0,8575.0,SB
4161.0,2627.0,1220.0,726.0,2092.0,8985.0,8397.0,SB
4171.0,2637.0,1747.0,754.0,2260.0,9629.0,8716.0,SB
4337.0,2623.0,1491.0,749.0,2228.0,8942.0,8596.0,SB
9129.0,2984.0,2863.0,1673.0,7512.0,16343.0,13109.0,SB
4455.0,2665.0,1941.0,789.0,2255.0,9165.0,8683.0,SB
4164.0,2633.0,1770.0,759.0,2272.0,9501.0,8680.0,SB
4035.0,2617.0,1236.0,735.0,2043.0,8705.0,8412.0,SB
4425.0,2664.0,1961.0,763.0,2452.0,9113.0,8714.0,SB
4156.0,2634.0,1796.0,782.0,2279.0,9535.0,8685.0,SB
4420.0,2659.0,1945.0,741.0,2358.0,9125.0,8699.0,SB
4139.0,2631.0,1360.0,761.0,2114.0,8506.0,8465.0,SB
4121.0,2628.0,1367.0,721.0,2135.0,8779.0,8411.0,SB
4295.0,2624.0,1564.0,757.0,2224.0,8932.0,8599.0,SB
4247.0,2648.0,2028.0,794.0,2162.0,9799.0,8695.0,SB
9135.0,3026.0,3024.0,1644.0,7564.0,16363.0,13138.0,SB
4645.0,2626.0,1692.0,919.0,3150.0,6497.0,8070.0,SB
4414.0,2666.0,2017.0,787.0,2497.0,9067.0,8704.0,SB
4160.0,2633.0,1782.0,768.0,2276.0,9499.0,8678.0,SB
4431.0,2664.0,1966.0,769.0,2423.0,9116.0,8709.0,SB
3982.0,2621.0,1381.0,748.0,2261.0,8540.0,8534.0,SB
4017.0,2618.0,1251.0,719.0,2052.0,8686.0,8429.0,SB
4049.0,2621.0,1324.0,745.0,2177.0,8471.0,8507.0,SB
4197.0,2637.0,1754.0,773.0,2299.0,9696.0,8698.0,SB
4047.0,2617.0,1232.0,739.0,2042.0,8715.0,8404.0,SB
4618.0,2622.0,1707.0,936.0,3153.0,6431.0,8112.0,SB
6416.0,2554.0,1839.0,1081.0,5585.0,11040.0,12437.0,SB
3993.0,2624.0,1449.0,778.0,2257.0,8564.0,8524.0,SB
6442.0,2549.0,1825.0,1088.0,5317.0,10813.0,12492.0,SB
4126.0,2630.0,1375.0,770.0,2128.0,8491.0,8472.0,SB
6410.0,2555.0,1843.0,1080.0,5581.0,11039.0,12437.0,SB
4421.0,2661.0,2049.0,763.0,2312.0,9026.0,8677.0,SB
4586.0,2622.0,1632.0,869.0,3155.0,6415.0,8130.0,SB
4166.0,2637.0,1763.0,767.0,2264.0,9648.0,8719.0,SB
4418.0,2665.0,1997.0,778.0,2482.0,9083.0,8708.0,SB
4384.0,2661.0,1943.0,754.0,2203.0,9931.0,8717.0,SB
6436.0,2551.0,1862.0,1096.0,5292.0,10826.0,12441.0,SB
4131.0,2631.0,1379.0,771.0,2125.0,8492.0,8470.0,SB
4208.0,2636.0,1714.0,794.0,2325.0,9787.0,8683.0,SB
4420.0,2659.0,1999.0,748.0,2311.0,9073.0,8684.0,SB
4428.0,2663.0,1937.0,761.0,2417.0,9135.0,8709.0,SB
9159.0,3018.0,2998.0,1680.0,7826.0,16411.0,13213.0,SB
3977.0,2621.0,1397.0,757.0,2262.0,8552.0,8533.0,SB
4409.0,2667.0,2040.0,796.0,2515.0,9049.0,8700.0,SB
4084.0,2626.0,1352.0,765.0,2098.0,8798.0,8388.0,SB
4077.0,2618.0,1230.0,747.0,2045.0,8726.0,8386.0,SB
4424.0,2663.0,1960.0,760.0,2441.0,9113.0,8712.0,SB
5668.0,2502.0,1647.0,987.0,4911.0,7250.0,12744.0,UPS
4453.0,2591.0,1638.0,908.0,3231.0,6169.0,8180.0,UPS
4455.0,2591.0,1573.0,861.0,3226.0,6208.0,8174.0,UPS
5645.0,2498.0,1612.0,980.0,5058.0,7246.0,12737.0,UPS
5653.0,2503.0,1719.0,983.0,5010.0,7252.0,12791.0,UPS
4458.0,2591.0,1589.0,871.0,3227.0,6197.0,8175.0,UPS
5670.0,2502.0,1658.0,988.0,4899.0,7251.0,12749.0,UPS
4461.0,2595.0,1673.0,913.0,3235.0,6173.0,8169.0,UPS
4447.0,2588.0,1593.0,889.0,3227.0,6180.0,8185.0,UPS
5648.0,2498.0,1594.0,981.0,5040.0,7246.0,12725.0,UPS
5623.0,2502.0,1751.0,975.0,5200.0,7250.0,12823.0,UPS
4441.0,2596.0,1668.0,901.0,3233.0,6216.0,8157.0,UPS
4459.0,2592.0,1602.0,878.0,3229.0,6192.0,8174.0,UPS
5596.0,2504.0,1847.0,1048.0,5186.0,7219.0,12795.0,UPS
5632.0,2502.0,1750.0,977.0,5147.0,7251.0,12818.0,UPS
4443.0,2589.0,1620.0,902.0,3229.0,6180.0,8181.0,UPS
5666.0,2504.0,1705.0,997.0,4901.0,7249.0,12765.0,UPS
4454.0,2591.0,1642.0,908.0,3232.0,6168.0,8179.0,UPS
4457.0,2591.0,1583.0,868.0,3227.0,6199.0,8175.0,UPS
5647.0,2498.0,1592.0,990.0,5024.0,7242.0,12714.0,UPS
4442.0,2590.0,1630.0,902.0,3230.0,6187.0,8176.0,UPS
5646.0,2498.0,1594.0,990.0,5025.0,7242.0,12714.0,UPS
5633.0,2502.0,1747.0,978.0,5136.0,7251.0,12816.0,UPS
5618.0,2501.0,1732.0,1026.0,5107.0,7227.0,12754.0,UPS
4457.0,2591.0,1582.0,867.0,3227.0,6199.0,8175.0,UPS
5617.0,2502.0,1778.0,986.0,5210.0,7245.0,12826.0,UPS
5653.0,2497.0,1563.0,983.0,5007.0,7245.0,12706.0,UPS
4453.0,2591.0,1640.0,908.0,3232.0,6168.0,8179.0,UPS
5628.0,2500.0,1685.0,1014.0,5079.0,7232.0,12740.0,UPS
4458.0,2591.0,1586.0,870.0,3227.0,6198.0,8175.0,UPS
5656.0,2498.0,1576.0,983.0,4989.0,7246.0,12712.0,UPS
4452.0,2589.0,1577.0,872.0,3226.0,6194.0,8180.0,UPS
4455.0,2590.0,1569.0,860.0,3226.0,6207.0,8175.0,UPS
4446.0,2595.0,1644.0,887.0,3231.0,6220.0,8158.0,UPS
4452.0,2597.0,1678.0,907.0,3234.0,6199.0,8160.0,UPS
5610.0,2502.0,1770.0,1036.0,5130.0,7223.0,12765.0,UPS
4448.0,2588.0,1590.0,886.0,3227.0,6182.0,8184.0,UPS
4444.0,2587.0,1608.0,902.0,3228.0,6169.0,8188.0,UPS
5672.0,2504.0,1693.0,993.0,4879.0,7252.0,12763.0,UPS
5629.0,2501.0,1714.0,976.0,5162.0,7249.0,12800.0,UPS
4452.0,2596.0,1677.0,908.0,3235.0,6197.0,8161.0,UPS
5668.0,2502.0,1649.0,988.0,4909.0,7251.0,12745.0,UPS
4461.0,2594.0,1641.0,898.0,3232.0,6179.0,8172.0,UPS
5672.0,2504.0,1693.0,993.0,4879.0,7252.0,12763.0,UPS
5662.0,2500.0,1610.0,985.0,4952.0,7248.0,12727.0,UPS
4448.0,2594.0,1623.0,879.0,3230.0,6217.0,8163.0,UPS
5620.0,2502.0,1770.0,978.0,5213.0,7248.0,12830.0,UPS
4442.0,2595.0,1662.0,901.0,3232.0,6211.0,8161.0,UPS
4442.0,2597.0,1672.0,897.0,3233.0,6225.0,8152.0,UPS
5655.0,2504.0,1728.0,1007.0,4942.0,7244.0,12769.0,UPS
4462.0,2594.0,1656.0,906.0,3234.0,6174.0,8172.0,UPS
5622.0,2501.0,1713.0,1021.0,5096.0,7229.0,12748.0,UPS
4443.0,2587.0,1607.0,902.0,3228.0,6169.0,8188.0,UPS
4445.0,2596.0,1654.0,890.0,3232.0,6222.0,8156.0,UPS
5660.0,2499.0,1602.0,985.0,4960.0,7248.0,12724.0,UPS
5607.0,2502.0,1788.0,1041.0,5140.0,7221.0,12770.0,UPS
5662.0,2504.0,1706.0,986.0,4950.0,7252.0,12779.0,UPS
4452.0,2592.0,1595.0,869.0,3227.0,6212.0,8169.0,UPS
5623.0,2504.0,1796.0,1034.0,5066.0,7228.0,12780.0,UPS
4442.0,2591.0,1634.0,902.0,3230.0,6190.0,8174.0,UPS
4460.0,2593.0,1632.0,893.0,3231.0,6182.0,8173.0,UPS
5605.0,2503.0,1815.0,1020.0,5197.0,7231.0,12809.0,UPS
4455.0,2591.0,1573.0,861.0,3226.0,6208.0,8174.0,UPS
5630.0,2502.0,1752.0,977.0,5158.0,7250.0,12820.0,UPS
5612.0,2503.0,1795.0,1001.0,5204.0,7238.0,12819.0,UPS
5603.0,2503.0,1803.0,1045.0,5149.0,7220.0,12774.0,UPS
5623.0,2502.0,1762.0,975.0,5201.0,7250.0,12829.0,UPS
4455.0,2592.0,1645.0,909.0,3232.0,6168.0,8178.0,UPS
5668.0,2502.0,1646.0,987.0,4912.0,7250.0,12744.0,UPS
5621.0,2502.0,1767.0,975.0,5214.0,7249.0,12831.0,UPS
4453.0,2591.0,1640.0,908.0,3232.0,6168.0,8179.0,UPS
4453.0,2592.0,1589.0,867.0,3227.0,6211.0,8170.0,UPS
5614.0,2502.0,1753.0,1032.0,5120.0,7225.0,12760.0,UPS
5603.0,2503.0,1807.0,1046.0,5151.0,7219.0,12775.0,UPS
5668.0,2502.0,1648.0,988.0,4910.0,7251.0,12744.0,UPS
5610.0,2503.0,1801.0,1007.0,5202.0,7236.0,12816.0,UPS
4443.0,2588.0,1611.0,902.0,3228.0,6173.0,8186.0,UPS
4454.0,2590.0,1568.0,863.0,3225.0,6201.0,8178.0,UPS
4446.0,2595.0,1642.0,886.0,3231.0,6220.0,8159.0,UPS
5669.0,2504.0,1696.0,988.0,4906.0,7253.0,12770.0,UPS
4443.0,2588.0,1612.0,902.0,3228.0,6173.0,8185.0,UPS
4454.0,2590.0,1567.0,863.0,3225.0,6201.0,8177.0,UPS
5661.0,2503.0,1707.0,986.0,4957.0,7252.0,12780.0,UPS
4458.0,2592.0,1599.0,876.0,3228.0,6193.0,8174.0,UPS
4445.0,2588.0,1598.0,894.0,3227.0,6176.0,8186.0,UPS
4453.0,2596.0,1677.0,908.0,3235.0,6194.0,8162.0,UPS
4448.0,2594.0,1626.0,880.0,3230.0,6217.0,8162.0,UPS
4445.0,2596.0,1654.0,890.0,3232.0,6222.0,8156.0,UPS
4462.0,2595.0,1662.0,909.0,3234.0,6172.0,8171.0,UPS
4441.0,2597.0,1675.0,901.0,3233.0,6221.0,8154.0,UPS
4461.0,2595.0,1673.0,913.0,3235.0,6174.0,8169.0,UPS
5622.0,2504.0,1796.0,1034.0,5066.0,7228.0,12780.0,UPS
4446.0,2595.0,1642.0,886.0,3231.0,6220.0,8159.0,UPS
4449.0,2597.0,1679.0,906.0,3234.0,6206.0,8157.0,UPS
5613.0,2503.0,1791.0,997.0,5206.0,7240.0,12820.0,UPS
5655.0,2498.0,1574.0,983.0,4992.0,7246.0,12711.0,UPS
5601.0,2504.0,1840.0,1051.0,5146.0,7218.0,12787.0,UPS
4441.0,2596.0,1666.0,901.0,3233.0,6214.0,8158.0,UPS
5611.0,2503.0,1799.0,1004.0,5203.0,7237.0,12817.0,UPS
5648.0,2498.0,1586.0,988.0,5021.0,7242.0,12712.0,UPS
5666.0,2504.0,1700.0,987.0,4923.0,7253.0,12773.0,UPS
4441.0,2597.0,1675.0,901.0,3233.0,6221.0,8154.0,UPS
5634.0,2500.0,1685.0,977.0,5133.0,7248.0,12782.0,UPS
4463.0,2595.0,1672.0,914.0,3235.0,6169.0,8171.0,UPS
4457.0,2591.0,1573.0,863.0,3226.0,6202.0,8175.0,UPS
5639.0,2503.0,1739.0,979.0,5098.0,7251.0,12808.0,UPS
5592.0,2504.0,1858.0,1059.0,5180.0,7214.0,12790.0,UPS
5605.0,2504.0,1831.0,1048.0,5131.0,7220.0,12785.0,UPS
5608.0,2503.0,1807.0,1012.0,5200.0,7234.0,12813.0,UPS
5643.0,2499.0,1624.0,980.0,5070.0,7247.0,12744.0,UPS
5667.0,2502.0,1643.0,987.0,4915.0,7250.0,12742.0,UPS
5670.0,2502.0,1659.0,988.0,4898.0,7251.0,12749.0,UPS
5616.0,2504.0,1809.0,1039.0,5091.0,7225.0,12782.0,UPS
5670.0,2502.0,1657.0,988.0,4900.0,7251.0,12748.0,UPS
5648.0,2504.0,1743.0,1012.0,4970.0,7240.0,12771.0,UPS
5635.0,2503.0,1745.0,978.0,5127.0,7251.0,12814.0,UPS
5613.0,2502.0,1755.0,1032.0,5120.0,7225.0,12760.0,UPS
5644.0,2498.0,1606.0,994.0,5033.0,7240.0,12718.0,UPS
5611.0,2503.0,1797.0,1003.0,5204.0,7238.0,12818.0,UPS
4449.0,2588.0,1587.0,883.0,3227.0,6185.0,8183.0,UPS
4444.0,2587.0,1602.0,898.0,3228.0,6172.0,8187.0,UPS
4448.0,2588.0,1590.0,885.0,3227.0,6183.0,8184.0,UPS
4442.0,2590.0,1626.0,902.0,3230.0,6184.0,8178.0,UPS
5629.0,2501.0,1715.0,976.0,5164.0,7249.0,12801.0,UPS
5673.0,2504.0,1692.0,992.0,4876.0,7252.0,12763.0,UPS
5629.0,2500.0,1678.0,1012.0,5075.0,7233.0,12738.0,UPS
5627.0,2502.0,1757.0,976.0,5177.0,7250.0,12824.0,UPS
4456.0,2592.0,1648.0,910.0,3232.0,6168.0,8177.0,UPS
5658.0,2504.0,1722.0,1004.0,4932.0,7245.0,12768.0,UPS
5607.0,2503.0,1812.0,1016.0,5199.0,7232.0,12811.0,UPS
5640.0,2504.0,1760.0,1019.0,5000.0,7236.0,12774.0,UPS
5637.0,2500.0,1665.0,978.0,5112.0,7248.0,12769.0,UPS
4444.0,2596.0,1659.0,892.0,3232.0,6223.0,8155.0,UPS
4442.0,2590.0,1627.0,902.0,3230.0,6185.0,8177.0,UPS
5615.0,2504.0,1811.0,1040.0,5094.0,7225.0,12782.0,UPS
5593.0,2504.0,1857.0,1057.0,5183.0,7215.0,12791.0,UPS
5642.0,2499.0,1633.0,979.0,5080.0,7247.0,12750.0,UPS
4445.0,2588.0,1598.0,894.0,3227.0,6176.0,8186.0,UPS
4443.0,2588.0,1611.0,902.0,3228.0,6172.0,8186.0,UPS
5654.0,2497.0,1567.0,982.0,5000.0,7245.0,12708.0,UPS
5599.0,2504.0,1844.0,1053.0,5155.0,7217.0,12788.0,UPS
4447.0,2595.0,1638.0,885.0,3231.0,6219.0,8160.0,UPS
4441.0,2598.0,1681.0,900.0,3234.0,6227.0,8150.0,UPS
5673.0,2503.0,1678.0,989.0,4877.0,7252.0,12758.0,UPS
4450.0,2597.0,1678.0,907.0,3234.0,6202.0,8159.0,UPS
4442.0,2598.0,1683.0,901.0,3234.0,6225.0,8151.0,UPS
5654.0,2497.0,1566.0,982.0,5001.0,7245.0,12707.0,UPS
4462.0,2594.0,1656.0,906.0,3234.0,6174.0,8172.0,UPS
5639.0,2488.0,1667.0,977.0,5038.0,7176.0,12727.0,UVA
5642.0,2492.0,1640.0,1024.0,5012.0,7215.0,12663.0,UVA
5754.0,2520.0,1878.0,983.0,4246.0,7580.0,12792.0,UVA
5671.0,2488.0,1714.0,978.0,4484.0,7158.0,12797.0,UVA
4642.0,2528.0,1687.0,896.0,3256.0,6454.0,8064.0,UVA
5791.0,2525.0,1910.0,1003.0,4346.0,7609.0,12769.0,UVA
5647.0,2487.0,1648.0,979.0,5028.0,7193.0,12718.0,UVA
5769.0,2521.0,1880.0,992.0,4328.0,7608.0,12761.0,UVA
5760.0,2515.0,1788.0,987.0,4344.0,7594.0,12794.0,UVA
4644.0,2533.0,1620.0,852.0,3210.0,6519.0,8040.0,UVA
4626.0,2524.0,1613.0,837.0,3231.0,6454.0,8096.0,UVA
5768.0,2519.0,1844.0,990.0,4295.0,7581.0,12808.0,UVA
5648.0,2487.0,1666.0,978.0,4995.0,7179.0,12754.0,UVA
5634.0,2487.0,1698.0,975.0,5012.0,7151.0,12771.0,UVA
5797.0,2519.0,1773.0,1005.0,4394.0,7584.0,12841.0,UVA
4620.0,2532.0,1680.0,911.0,3264.0,6513.0,8089.0,UVA
5802.0,2520.0,1781.0,1007.0,4407.0,7589.0,12836.0,UVA
4645.0,2534.0,1627.0,860.0,3212.0,6529.0,8035.0,UVA
5734.0,2520.0,1928.0,972.0,4176.0,7578.0,12769.0,UVA
5755.0,2508.0,1742.0,997.0,4439.0,7428.0,12830.0,UVA
5697.0,2494.0,1712.0,1040.0,4970.0,7253.0,12717.0,UVA
5623.0,2492.0,1687.0,1023.0,5011.0,7173.0,12677.0,UVA
4625.0,2536.0,1692.0,926.0,3261.0,6543.0,8069.0,UVA
5725.0,2521.0,1962.0,968.0,4144.0,7580.0,12752.0,UVA
5684.0,2490.0,1659.0,1012.0,4983.0,7244.0,12708.0,UVA
4620.0,2533.0,1689.0,921.0,3267.0,6524.0,8086.0,UVA
5794.0,2524.0,1892.0,1004.0,4360.0,7607.0,12778.0,UVA
5713.0,2498.0,1729.0,988.0,4459.0,7293.0,12814.0,UVA
5630.0,2493.0,1668.0,1033.0,4999.0,7193.0,12658.0,UVA
5629.0,2492.0,1679.0,1022.0,4995.0,7180.0,12684.0,UVA
5653.0,2487.0,1650.0,979.0,4997.0,7193.0,12740.0,UVA
5667.0,2487.0,1599.0,989.0,5007.0,7237.0,12689.0,UVA
5782.0,2523.0,1895.0,999.0,4342.0,7609.0,12766.0,UVA
5718.0,2520.0,1967.0,964.0,4121.0,7576.0,12751.0,UVA
5653.0,2486.0,1659.0,972.0,4858.0,7171.0,12787.0,UVA
5727.0,2501.0,1733.0,991.0,4453.0,7336.0,12819.0,UVA
4620.0,2533.0,1686.0,918.0,3266.0,6521.0,8087.0,UVA
5615.0,2489.0,1728.0,971.0,5064.0,7124.0,12761.0,UVA
4636.0,2525.0,1659.0,870.0,3249.0,6438.0,8081.0,UVA
5721.0,2520.0,1965.0,966.0,4132.0,7578.0,12751.0,UVA
4646.0,2529.0,1664.0,878.0,3239.0,6470.0,8052.0,UVA
5641.0,2487.0,1663.0,977.0,5037.0,7179.0,12725.0,UVA
5717.0,2517.0,1923.0,965.0,4165.0,7584.0,12747.0,UVA
4646.0,2531.0,1644.0,867.0,3224.0,6497.0,8043.0,UVA
5659.0,2490.0,1602.0,1012.0,5029.0,7244.0,12669.0,UVA
5790.0,2525.0,1910.0,1002.0,4344.0,7609.0,12769.0,UVA
4646.0,2529.0,1668.0,881.0,3242.0,6464.0,8054.0,UVA
5647.0,2490.0,1638.0,1010.0,4998.0,7210.0,12675.0,UVA
4628.0,2535.0,1682.0,916.0,3254.0,6541.0,8064.0,UVA
5796.0,2523.0,1865.0,1005.0,4371.0,7603.0,12793.0,UVA
5660.0,2490.0,1600.0,1010.0,5029.0,7246.0,12670.0,UVA
5651.0,2486.0,1665.0,972.0,4885.0,7169.0,12785.0,UVA
4632.0,2524.0,1647.0,860.0,3246.0,6436.0,8090.0,UVA
5678.0,2490.0,1718.0,980.0,4475.0,7179.0,12800.0,UVA
4638.0,2530.0,1691.0,905.0,3260.0,6472.0,8066.0,UVA
5643.0,2487.0,1682.0,975.0,4968.0,7163.0,12776.0,UVA
5658.0,2488.0,1617.0,996.0,5000.0,7223.0,12685.0,UVA
5728.0,2521.0,1959.0,970.0,4153.0,7581.0,12753.0,UVA
5760.0,2515.0,1788.0,987.0,4344.0,7594.0,12793.0,UVA
5641.0,2487.0,1687.0,976.0,4993.0,7162.0,12773.0,UVA
5634.0,2487.0,1699.0,975.0,5013.0,7151.0,12770.0,UVA
4646.0,2529.0,1663.0,878.0,3239.0,6471.0,8052.0,UVA
4641.0,2534.0,1642.0,875.0,3223.0,6533.0,8043.0,UVA
4641.0,2534.0,1642.0,875.0,3223.0,6533.0,8043.0,UVA
5661.0,2486.0,1623.0,982.0,5000.0,7215.0,12716.0,UVA
4646.0,2531.0,1644.0,867.0,3224.0,6497.0,8043.0,UVA
5639.0,2492.0,1648.0,1027.0,5008.0,7208.0,12661.0,UVA
5717.0,2517.0,1913.0,965.0,4176.0,7586.0,12746.0,UVA
5649.0,2489.0,1635.0,1008.0,4999.0,7212.0,12677.0,UVA
5683.0,2491.0,1720.0,981.0,4472.0,7196.0,12802.0,UVA
5661.0,2489.0,1600.0,1007.0,5025.0,7244.0,12673.0,UVA
4627.0,2523.0,1634.0,850.0,3244.0,6433.0,8099.0,UVA
5663.0,2486.0,1616.0,983.0,5000.0,7221.0,12709.0,UVA
5720.0,2520.0,1966.0,966.0,4129.0,7577.0,12751.0,UVA
5658.0,2494.0,1698.0,1039.0,4981.0,7214.0,12684.0,UVA
5691.0,2492.0,1696.0,1019.0,4882.0,7230.0,12749.0,UVA
5718.0,2520.0,1964.0,965.0,4124.0,7576.0,12752.0,UVA
4632.0,2532.0,1696.0,917.0,3264.0,6496.0,8070.0,UVA
5734.0,2521.0,1954.0,973.0,4172.0,7584.0,12755.0,UVA
5748.0,2514.0,1796.0,982.0,4325.0,7597.0,12779.0,UVA
5636.0,2487.0,1696.0,975.0,5007.0,7154.0,12771.0,UVA
5740.0,2522.0,1949.0,976.0,4191.0,7587.0,12756.0,UVA
5746.0,2516.0,1853.0,981.0,4305.0,7606.0,12752.0,UVA
5701.0,2495.0,1728.0,1040.0,4930.0,7248.0,12729.0,UVA
5717.0,2512.0,1839.0,967.0,4253.0,7599.0,12741.0,UVA
5657.0,2486.0,1648.0,970.0,4811.0,7174.0,12792.0,UVA
5794.0,2519.0,1781.0,1003.0,4383.0,7584.0,12838.0,UVA
5665.0,2487.0,1605.0,988.0,5001.0,7231.0,12691.0,UVA
5656.0,2490.0,1609.0,1014.0,5026.0,7239.0,12668.0,UVA
5679.0,2490.0,1719.0,995.0,4603.0,7182.0,12778.0,UVA
5631.0,2491.0,1680.0,1016.0,4994.0,7177.0,12697.0,UVA
5632.0,2492.0,1662.0,1031.0,5001.0,7197.0,12659.0,UVA
5765.0,2519.0,1851.0,988.0,4284.0,7581.0,12805.0,UVA
5688.0,2492.0,1723.0,1013.0,4734.0,7208.0,12758.0,UVA
4626.0,2534.0,1702.0,930.0,3269.0,6522.0,8074.0,UVA
5629.0,2493.0,1669.0,1034.0,4998.0,7192.0,12658.0,UVA
4622.0,2522.0,1618.0,837.0,3241.0,6430.0,8111.0,UVA
4647.0,2533.0,1627.0,858.0,3212.0,6520.0,8035.0,UVA
5749.0,2520.0,1891.0,980.0,4228.0,7579.0,12786.0,UVA
4628.0,2533.0,1700.0,925.0,3267.0,6512.0,8073.0,UVA
5717.0,2499.0,1730.0,988.0,4457.0,7306.0,12815.0,UVA
4627.0,2534.0,1701.0,928.0,3269.0,6518.0,8074.0,UVA
5726.0,2520.0,1946.0,969.0,4150.0,7577.0,12760.0,UVA
4644.0,2533.0,1620.0,851.0,3211.0,6517.0,8042.0,UVA
5785.0,2517.0,1770.0,999.0,4386.0,7589.0,12825.0,UVA
4629.0,2533.0,1699.0,924.0,3267.0,6510.0,8072.0,UVA
5664.0,2487.0,1605.0,988.0,5001.0,7231.0,12691.0,UVA
5661.0,2487.0,1611.0,992.0,5001.0,7227.0,12688.0,UVA
5672.0,2487.0,1612.0,990.0,4998.0,7237.0,12697.0,UVA
4630.0,2526.0,1614.0,840.0,3226.0,6468.0,8084.0,UVA
5641.0,2487.0,1687.0,976.0,4993.0,7162.0,12773.0,UVA
5617.0,2489.0,1719.0,971.0,5067.0,7131.0,12752.0,UVA
5631.0,2491.0,1680.0,1016.0,4994.0,7178.0,12696.0,UVA
5660.0,2490.0,1600.0,1011.0,5030.0,7246.0,12669.0,UVA
4641.0,2526.0,1672.0,881.0,3252.0,6441.0,8071.0,UVA
4646.0,2531.0,1649.0,870.0,3228.0,6490.0,8046.0,UVA
4628.0,2533.0,1701.0,927.0,3268.0,6515.0,8073.0,UVA
4620.0,2531.0,1674.0,904.0,3262.0,6506.0,8092.0,UVA
5666.0,2487.0,1599.0,990.0,5008.0,7237.0,12688.0,UVA
5678.0,2489.0,1636.0,1001.0,4990.0,7240.0,12703.0,UVA
5675.0,2487.0,1652.0,985.0,4775.0,7198.0,12783.0,UVA
5776.0,2516.0,1777.0,995.0,4370.0,7591.0,12814.0,UVA
5739.0,2520.0,1915.0,975.0,4195.0,7578.0,12775.0,UVA
5630.0,2488.0,1704.0,974.0,5021.0,7146.0,12769.0,UVA
5632.0,2492.0,1664.0,1028.0,4996.0,7193.0,12663.0,UVA
5758.0,2508.0,1743.0,998.0,4438.0,7438.0,12831.0,UVA
5624.0,2488.0,1714.0,973.0,5039.0,7137.0,12765.0,UVA
5803.0,2520.0,1771.0,1008.0,4411.0,7587.0,12842.0,UVA
5632.0,2491.0,1680.0,1014.0,4994.0,7177.0,12700.0,UVA
5657.0,2488.0,1619.0,998.0,5000.0,7222.0,12684.0,UVA
4626.0,2534.0,1702.0,930.0,3269.0,6522.0,8074.0,UVA
5627.0,2493.0,1674.0,1035.0,4995.0,7187.0,12658.0,UVA
5623.0,2488.0,1715.0,972.0,5042.0,7136.0,12765.0,UVA
5644.0,2487.0,1682.0,975.0,4963.0,7163.0,12777.0,UVA
5765.0,2523.0,1930.0,989.0,4267.0,7597.0,12763.0,UVA
4619.0,2524.0,1630.0,854.0,3246.0,6453.0,8109.0,UVA
4633.0,2531.0,1696.0,916.0,3264.0,6495.0,8070.0,UVA
4631.0,2527.0,1615.0,841.0,3225.0,6471.0,8081.0,UVA
5647.0,2490.0,1638.0,1010.0,4998.0,7210.0,12675.0,UVA
5732.0,2521.0,1956.0,972.0,4165.0,7583.0,12754.0,UVA